"DESCRIPTION","DURATION IN MS","NAME","PARENT SUITE","START TIME","STATUS","STOP TIME","SUB SUITE","SUITE","TEST CLASS","TEST METHOD"
"","2079","User login with wrong email or password","LMS system","2026-09-28","passed","2026-09-28","Authorization","Authentication","",""
"","2502","User login with correct email and password","LMS system","2026-09-28","passed","2026-09-28","Authorization","Authentication","",""
"","1398","Check displaying of dashboard page","LMS system","2026-09-28","passed","2026-09-28","Dashboard","Dashboard","",""
"","1650","User login with wrong email or password","LMS system","2026-09-28","passed","2026-09-28","Authorization","Authentication","",""
"","1684","User login with wrong email or password","LMS system","2026-09-28","passed","2026-09-28","Authorization","Authentication","",""
"","1442","Check displaying of empty courses list","LMS system","2026-09-28","passed","2026-09-28","Courses","Courses","",""
"","1638","Registration with correct email, username and password","LMS system","2026-09-28","passed","2026-09-28","Registration","Authentication","",""
"","1413","Navigation from login page to registration page","LMS system","2026-09-28","passed","2026-09-28","Authorization","Authentication","",""
"","2346","Edit course","LMS system","2026-09-28","passed","2026-09-28","Courses","Courses","",""
"","1888","Create course","LMS system","2026-09-28","passed","2026-09-28","Courses","Courses","",""
